district_cluster_id,city_code,city_name,district_code,district_name,unresolved_pattern,row_count,triplet_cluster_count,diskominfo_postal_values,open_data_jabar_postal_values,kodepos_dev_postal_values,example_village_codes,example_village_names
DIST-338A783B18C4,32.09,KAB. CIREBON,32.09.18,PLUMBON,all_three_different,15,1,45655,45155,45158,32.09.18.2001;32.09.18.2002;32.09.18.2003;32.09.18.2004;32.09.18.2005,CEMPAKA;PAMIJAHAN;LURAH;MARIKANGEN;BODE LOR
DIST-355F90E49129,32.06,KAB. TASIKMALAYA,32.06.01,CIPATUJAH,all_three_different,14,1,46489,46189,46187,32.06.01.2001;32.06.01.2002;32.06.01.2003;32.06.01.2004;32.06.01.2006,CIHERAS;CIPATUJAH;SINDANGKERTA;CIKAWUNGGADING;DARAWATI
DIST-CFE8F3C5001C,32.01,KAB. BOGOR,32.01.04,SUKARAJA,all_three_different,13,9,16712;16713;16714;16715;16716;16717;16718;16719,16710;38877,16711,32.01.04.2001;32.01.04.2002;32.01.04.2003;32.01.04.2004;32.01.04.2005,GUNUNGGEULIS;CILEBUT TIMUR;CILEBUT BARAT;CIBANON;NAGRAK
DIST-0DBB321B096F,32.01,KAB. BOGOR,32.01.17,PAMIJAHAN,all_three_different,13,8,16691;16692;16693;16694;16695;16696;16698;16699,16810,16812,32.01.17.2001;32.01.17.2002;32.01.17.2003;32.01.17.2004;32.01.17.2006,PURWABAKTI;CIBUNIAN;CIBITUNGWETAN;GUNUNGMENYAN;PASAREAN
DIST-6769D730E200,32.12,KAB. INDRAMAYU,32.12.30,TUKDANA,all_three_different,13,1,45276,45272,45270,32.12.30.2001;32.12.30.2002;32.12.30.2003;32.12.30.2004;32.12.30.2005,BODAS;GADEL;RANCAJAWAT;KERTICALA;CANGKO
DIST-0A91CE8C52D5,32.05,KAB. GARUT,32.05.05,TAROGONG KIDUL,all_three_different,12,9,44121;44122;44123;44124;44125;44126;44127;44128;44129,44151,44150,32.05.05.1001;32.05.05.1002;32.05.05.1006;32.05.05.1009;32.05.05.1012,PATARUMAN;SUKAGALIH;JAYAWARAS;SUKAKARYA;SUKAJAYA
DIST-E1DCABF29DB3,32.09,KAB. CIREBON,32.09.01,WALED,all_three_different,12,1,45687,45187,45180,32.09.01.2008;32.09.01.2009;32.09.01.2010;32.09.01.2011;32.09.01.2012,WALED DESA;WALED KOTA;MEKARSARI;WALED ASEM;AMBIT
DIST-9F3BF3F19334,32.09,KAB. CIREBON,32.09.17,PALIMANAN,all_three_different,12,1,45661,45161,45160,32.09.17.2002;32.09.17.2003;32.09.17.2004;32.09.17.2005;32.09.17.2006,CILUKRAK;KEPUH;BALERANTE;PANONGAN;BEBERAN
DIST-661E056571CE,32.11,KAB. SUMEDANG,32.11.15,JATINANGOR,all_three_different,12,1,45367,45363,45360,32.11.15.2001;32.11.15.2002;32.11.15.2003;32.11.15.2004;32.11.15.2005,CIKERUH;HEGARMANAH;CIBEUSI;CIPACING;SAYANG
DIST-D5B42F5CB317,32.01,KAB. BOGOR,32.01.03,CITEUREUP,all_three_different,11,8,16812;16813;16814;16815;16816;16817;16818;16819,16810,16811,32.01.03.1007;32.01.03.2003;32.01.03.2004;32.01.03.2005;32.01.03.2008,KARANG ASEM BARAT;LEUWINUTUG;TAJUR;SANJA;KARANG ASEM TIMUR
DIST-E9D8298D91DC,32.02,KAB. SUKABUMI,32.02.21,JAMPANGKULON,all_three_different,11,1,43378,43178,43170,32.02.21.1001;32.02.21.2002;32.02.21.2003;32.02.21.2005;32.02.21.2007,JAMPANGKULON;BOJONGGENTENG;CIKARANG;BOJONGSARI;NAGRAKSARI
DIST-BF2A178CAD8D,32.17,KAB. BANDUNG BARAT,32.17.11,CILILIN,all_three_different,11,1,40762,40562,40567,32.17.11.2001;32.17.11.2002;32.17.11.2003;32.17.11.2004;32.17.11.2005,CILILIN;BUDIHARJA;BATULAYANG;BONGAS;KARANGANYAR
DIST-CDECEF2B458C,32.01,KAB. BOGOR,32.01.09,SUKAMAKMUR,all_three_different,10,9,16881;16882;16883;16884;16885;16886;16887;16888;16889,16830,16831,32.01.09.2001;32.01.09.2002;32.01.09.2003;32.01.09.2004;32.01.09.2005,WARGAJAYA;PABUARAN;SUKADAMAI;SUKAWANGI;CIBADAK
DIST-74661E876607,32.03,KAB. CIANJUR,32.03.26,CIKADU,all_three_different,10,1,43276,43284,43286,32.03.26.2001;32.03.26.2002;32.03.26.2003;32.03.26.2004;32.03.26.2005,KALAPANUNGGAL;CIKADU;MEKARWANGI;PADALUYU;SUKAMULYA
DIST-43B36823F8B0,32.06,KAB. TASIKMALAYA,32.06.19,JATIWARAS,all_three_different,10,1,46491,46185,46180,32.06.19.2001;32.06.19.2002;32.06.19.2003;32.06.19.2004;32.06.19.2005,KAPUTIHAN;SETIAWANGI;SUKAKERTA;NEGLASARI;JATIWARAS
DIST-8A10DCEBAD2D,32.07,KAB. CIAMIS,32.07.37,BANJARANYAR,open_data_jabar_missing_api_diskominfo_different,10,1,46283,,46384,32.07.37.2001;32.07.37.2002;32.07.37.2003;32.07.37.2004;32.07.37.2005,PASAWAHAN;BANJARANYAR;CIGAYAM;LANGKAPSARI;KALIJAYA
DIST-F78F139CEDDC,32.10,KAB. MAJALENGKA,32.10.24,KASOKANDEL,all_three_different,10,1,45477,45453,45451,32.10.24.2001;32.10.24.2002;32.10.24.2003;32.10.24.2004;32.10.24.2005,JATISAWIT;LEUWIKIDANG;RANJI KULON;RANJI WETAN;GUNUNGSARI
DIST-4C6925305765,32.10,KAB. MAJALENGKA,32.10.26,MALAUSMA,all_three_different,10,1,45469,45464,45460,32.10.26.2001;32.10.26.2002;32.10.26.2003;32.10.26.2004;32.10.26.2005,SUKADANA;WERASARI;MALAUSMA;LEBAKWANGI;CIMUNCANG
DIST-81B9D0F3B1F2,32.13,KAB. SUBANG,32.13.27,DAWUAN,all_three_different,10,1,41273,41271,41270,32.13.27.2001;32.13.27.2002;32.13.27.2003;32.13.27.2004;32.13.27.2005,MANYETI;RAWALELE;SUKASARI;SITUSARI;DAWUAN KALER
DIST-12672CFB40A6,32.14,KAB. PURWAKARTA,32.14.14,CIBATU,all_three_different,10,2,41183,41181;44185,41182,32.14.14.2001;32.14.14.2002;32.14.14.2003;32.14.14.2004;32.14.14.2005,CIBATU;CILANDAK;KARYAMEKAR;CIPINANG;CIPARUNGSARI
DIST-8A341691BE07,32.15,KAB. KARAWANG,32.15.30,CILEBAR,all_three_different,10,2,41387,41353;41385,41350,32.15.30.2001;32.15.30.2002;32.15.30.2003;32.15.30.2004;32.15.30.2005,KERTAMUKTI;RAWASARI;PUSAKAJAYA SELATAN;CIKANDE;KOSAMBIBATU
DIST-8E5C43478AA9,32.01,KAB. BOGOR,32.01.35,SUKAJAYA,all_three_different,9,9,16141;16291;16292;16293;16294;16296;16298;16299;16836,16660,16661,32.01.35.2001;32.01.35.2002;32.01.35.2003;32.01.35.2005;32.01.35.2007,CISARUA;KIARASARI;SUKAJAYA;CILEUKSA;HARKATJAYA
DIST-F96FCC1F4A8A,32.07,KAB. CIAMIS,32.07.35,PURWADADI,all_three_different,9,1,46286,46385,46380,32.07.35.2001;32.07.35.2002;32.07.35.2003;32.07.35.2004;32.07.35.2005,BANTARDAWA;PURWADADI;PURWAJAYA;KARANGPANINGAL;SIDARAHAYU
DIST-E89963DE60B9,32.09,KAB. CIREBON,32.09.23,KLANGENAN,all_three_different,9,1,45656,45156,45157,32.09.23.2001;32.09.23.2002;32.09.23.2003;32.09.23.2007;32.09.23.2008,SERANG;KLANGENAN;DANAWINANGUN;PAKANTINGAN;JEMARAS KIDUL
DIST-4F71F650D858,32.09,KAB. CIREBON,32.09.30,GEBANG,all_three_different,9,1,45694,45191,45190,32.09.30.2001;32.09.30.2002;32.09.30.2003;32.09.30.2004;32.09.30.2005,DOMPYONG KULON;DOMPYONG WETAN;KALIMEKAR;KALIMORO;GAGASARI
DIST-8295F7D34955,32.09,KAB. CIREBON,32.09.34,KARANGWARENG,all_three_different,9,1,45695,45186,45184,32.09.34.2001;32.09.34.2002;32.09.34.2003;32.09.34.2004;32.09.34.2005,SEUSEUPAN;BLENDER;SUMURKONDANG;KUBANGDELEG;JATIPIRING
DIST-9E2AACCAB0EE,32.09,KAB. CIREBON,32.09.39,SURANENGGALA,all_three_different,9,1,45659,45152,45150,32.09.39.2003;32.09.39.2004;32.09.39.2005;32.09.39.2006;32.09.39.2007,MUARA;PURWAWINANGUN;KERATON;SURAKARTA;KARANGREJA
DIST-2E12D41F0B1E,32.11,KAB. SUMEDANG,32.11.21,TANJUNGMEDAR,all_three_different,9,1,45355,45354,45352,32.11.21.2001;32.11.21.2002;32.11.21.2003;32.11.21.2004;32.11.21.2005,CIKARAMAS;WARGALUYU;JINGKANG;KAMAL;KERTAMUKTI
DIST-32F1280A9697,32.13,KAB. SUBANG,32.13.25,TAMBAKDAHAN,all_three_different,9,1,41265,41253,41267,32.13.25.2001;32.13.25.2002;32.13.25.2003;32.13.25.2004;32.13.25.2005,TANJUNGRASA;WANAJAYA;GARDUMUKTI;MARIUK;KERTAJAYA
DIST-8E4D96D8AC70,32.15,KAB. KARAWANG,32.15.03,TELUKJAMBE TIMUR,all_three_different,9,9,41331;41332;41333;41334;41335;41336;41337;41338;41339,41361,41360,32.15.03.2001;32.15.03.2002;32.15.03.2003;32.15.03.2004;32.15.03.2005,TELUKJAMBE;SUKAHARJA;SIRNABAYA;PUSEURJAYA;SUKALUYU
DIST-E3E4E12D73E6,32.15,KAB. KARAWANG,32.15.25,KOTA BARU,all_three_different,9,1,41377,41374,41376,32.15.25.2001;32.15.25.2002;32.15.25.2003;32.15.25.2004;32.15.25.2005,WANCIMEKAR;PANGULAH SELATAN;PANGULAH UTARA;PANGULAH BARU;PUCUNG
DIST-0F2B51876381,32.01,KAB. BOGOR,32.01.36,TANJUNGSARI,all_three_different,8,7,16852;16853;16854;16855;16857;16858;16859,16266;16840,16841,32.01.36.2002;32.01.36.2004;32.01.36.2005;32.01.36.2006;32.01.36.2007,SELAWANGI;ANTAJAYA;PASIR TANJUNG;CIBADAK;SUKARASA
DIST-3E8E7D7547F3,32.06,KAB. TASIKMALAYA,32.06.39,SUKARESIK,all_three_different,8,1,46459,46418,46419,32.06.39.2001;32.06.39.2002;32.06.39.2003;32.06.39.2004;32.06.39.2005,CIPONDOK;SUKAMENAK;SUKARATU;BANJARSARI;TANJUNGSARI
DIST-C878B7F58E7E,32.12,KAB. INDRAMAYU,32.12.19,ARAHAN,all_three_different,8,1,45259,45365,45267,32.12.19.2001;32.12.19.2002;32.12.19.2003;32.12.19.2004;32.12.19.2005,ARAHAN KIDUL;ARAHAN LOR;LINGGAJATI;CIDEMPET;SUKADADI
DIST-B99CFB67C03E,32.13,KAB. SUBANG,32.13.22,CIKAUM,all_three_different,8,1,41264,41253,41266,32.13.22.2002;32.13.22.2003;32.13.22.2004;32.13.22.2005;32.13.22.2006,SINDANGSARI;CIKAUM BARAT;CIKAUM TIMUR;TANJUNGSARI BARAT;MEKARSARI
DIST-39E7B2C3CA28,32.13,KAB. SUBANG,32.13.26,KASOMALANG,all_three_different,8,2,41289,41281;41283,41287,32.13.26.2001;32.13.26.2002;32.13.26.2003;32.13.26.2004;32.13.26.2005,SINDANGSARI;PASANGGRAHAN;BOJONGLOA;SUKAMELANG;TENJOLAYA
DIST-B53EBD95DADB,32.15,KAB. KARAWANG,32.15.22,JAYAKERTA,all_three_different,8,1,41359,41352,41351,32.15.22.2001;32.15.22.2002;32.15.22.2003;32.15.22.2004;32.15.22.2005,JAYAMAKMUR;KEMIRI;MAKMURJAYA;KERTAJAYA;JAYAKERTA
DIST-0FF2E8834337,32.15,KAB. KARAWANG,32.15.29,PURWASARI,all_three_different,8,2,41376,41371;41373,41377,32.15.29.2001;32.15.29.2002;32.15.29.2003;32.15.29.2004;32.15.29.2005,DARAWOLONG;TEGALSARI;PURWASARI;MEKARJAYA;TAMELANG
DIST-366FDDEFA12C,32.16,KAB. BEKASI,32.16.09,CIKARANG UTARA,all_three_different,8,7,17831;17833;17834;17836;17837;17838;17839,17530,17534,32.16.09.2001;32.16.09.2003;32.16.09.2004;32.16.09.2005;32.16.09.2007,CIKARANGKOTA;KARANGASIH;WALUYA;KARANGRAHARJA;SIMPANGAN
DIST-43C263C3A112,32.16,KAB. BEKASI,32.16.11,CIKARANG TIMUR,all_three_different,8,8,17821;17822;17823;17824;17825;17826;17827;17828,17530,17533,32.16.11.1007;32.16.11.2001;32.16.11.2002;32.16.11.2003;32.16.11.2004,SERTAJAYA;TANJUNGBARU;CIPAYUNG;HEGARMANAH;JATIREJA
DIST-E87E32CF8C7F,32.78,KOTA TASIKMALAYA,32.78.07,TAMANSARI,all_three_different,8,4,46146;46147;46148;46149,46196,46191,32.78.07.1001;32.78.07.1002;32.78.07.1003;32.78.07.1004;32.78.07.1005,TAMANSARI;MUGARSARI;TAMANJAYA;SUMELAP;SETIAWARGI
DIST-CF09B868EAED,32.03,KAB. CIANJUR,32.03.31,HAURWANGI,all_three_different,7,2,43286,43282;43283,43280,32.03.31.2001;32.03.31.2002;32.03.31.2003;32.03.31.2005;32.03.31.2006,HAURWANGI;CIHEA;RAMASARI;MEKARWANGI;KERTASARI
DIST-724EB5F71DA0,32.05,KAB. GARUT,32.05.21,SUKARESMI,all_three_different,7,3,44155;44185,42265;44163,44154,32.05.21.2001;32.05.21.2002;32.05.21.2003;32.05.21.2004;32.05.21.2005,SUKARESMI;CINTADAMAI;MEKARJAYA;SUKAJAYA;SUKAMULYA
DIST-BFC0AC299E94,32.06,KAB. TASIKMALAYA,32.06.07,PARUNGPONTENG,all_three_different,7,1,46476,46185,46189,32.06.07.2001;32.06.07.2002;32.06.07.2003;32.06.07.2004;32.06.07.2005,PARUNGPONTENG;CIGUNUNG;CIBANTENG;BARUMEKAR;CIBUNGUR
DIST-7A278782B60A,32.09,KAB. CIREBON,32.09.19,WERU,all_three_different,7,2,45644,45154;45651,45159,32.09.19.2001;32.09.19.2002;32.09.19.2005;32.09.19.2006;32.09.19.2007,KARANGSARI;KERTASARI;SETU WETAN;SETU KULON;WERU KIDUL
DIST-A30840415F3E,32.09,KAB. CIREBON,32.09.33,PABUARAN,all_three_different,7,1,45696,45188,45194,32.09.33.2001;32.09.33.2002;32.09.33.2003;32.09.33.2004;32.09.33.2005,SUKADANA;PABUARAN KIDUL;PABUARAN WETAN;PABUARAN LOR;JATIRENGGANG
DIST-E0CA4F73B585,32.09,KAB. CIREBON,32.09.35,TENGAH TANI,all_three_different,7,1,45642,45153,45168,32.09.35.2001;32.09.35.2002;32.09.35.2003;32.09.35.2004;32.09.35.2005,PALIR;ASTAPADA;GESIK;KEMLAKAGEDE;DAWUAN
DIST-51C7D086161D,32.12,KAB. INDRAMAYU,32.12.28,KEDOKAN BUNDER,all_three_different,7,1,45286,45283,45280,32.12.28.2001;32.12.28.2002;32.12.28.2003;32.12.28.2004;32.12.28.2005,CANGKINGAN;JAYAWINANGUN;KEDOKAN AGUNG;KEDOKANBUNDER;KEDOKANBUNDERWETAN
DIST-F68BEDF212F6,32.13,KAB. SUBANG,32.13.24,SUKASARI,all_three_different,7,3,41268,41254;41256;45366,41250,32.13.24.2001;32.13.24.2002;32.13.24.2003;32.13.24.2004;32.13.24.2005,ANGGASARI;BATANGSARI;SUKAMAJU;MANDALAWANGI;CURUGREJA
DIST-90BAF8338DAD,32.13,KAB. SUBANG,32.13.29,CIATER,all_three_different,7,2,41288,41251;41281,41280,32.13.29.2001;32.13.29.2002;32.13.29.2003;32.13.29.2004;32.13.29.2005,CISAAT;CIATER;NAGRAK;CIBEUSI;CIBITUNG
DIST-8451640AA2AF,32.15,KAB. KARAWANG,32.15.21,MAJALAYA,all_three_different,7,1,41388,41371,41370,32.15.21.2001;32.15.21.2002;32.15.21.2003;32.15.21.2005;32.15.21.2006,MAJALAYA;CIRANGGON;PASIRJENGKOL;SARIJAYA;PASIRMULYA
DIST-EDAAED5E4C06,32.16,KAB. BEKASI,32.16.05,TAMBUN UTARA,all_three_different,7,7,17561;17562;17563;17564;17565;17567;17568,17510,17511,32.16.05.2001;32.16.05.2003;32.16.05.2004;32.16.05.2005;32.16.05.2006,SATRIAJAYA;SATRIAMEKAR;SRIAMUR;SRIMUKTI;SRIJAYA
DIST-39D987141708,32.16,KAB. BEKASI,32.16.19,CIKARANG SELATAN,all_three_different,7,7,17851;17852;17853;17854;17855;17856;17857,17530,17532,32.16.19.2001;32.16.19.2002;32.16.19.2003;32.16.19.2004;32.16.19.2005,CIBATU;SUKASEJATI;CIANTRA;SUKADAMI;SUKARESMI
DIST-DA3F67C90468,32.01,KAB. BOGOR,32.01.39,LEUWISADENG,all_three_different,6,6,16281;16282;16283;16284;16285;16288,16640,16641,32.01.39.2001;32.01.39.2002;32.01.39.2003;32.01.39.2004;32.01.39.2007,LEUWISADENG;BABAKAN SADENG;SADENG KOLOT;WANGUNJAYA;SADENG
DIST-67E8CD0C0EB0,32.01,KAB. BOGOR,32.01.40,TENJOLAYA,all_three_different,6,5,16273;16274;16275;16276;40395,16271;16370,16371,32.01.40.2001;32.01.40.2002;32.01.40.2003;32.01.40.2004;32.01.40.2005,TAPOS I;TAPOS II;CIBITUNG TENGAH;SITUDAUN;CINANGNENG
DIST-CBD2CAF5D74F,32.02,KAB. SUKABUMI,32.02.12,NAGRAK,all_three_different,6,2,43163;43342,43356,43352,32.02.12.2001;32.02.12.2002;32.02.12.2010;32.02.12.2011;32.02.12.2012,KALAPAREA;PAWENANG;BABAKAN PANJANG;DARMAREJA;CIHANYAWAR
DIST-D25F206106AD,32.04,KAB. BANDUNG,32.04.34,SOLOKANJERUK,all_three_different,6,1,40387,40376,40375,32.04.34.2001;32.04.34.2003;32.04.34.2004;32.04.34.2005;32.04.34.2006,RANCAKASUMBA;CIBODAS;PANYADAP;BOJONGEMAS;PADAMUKTI
DIST-3FD2369E8C01,32.05,KAB. GARUT,32.05.13,KERSAMANAH,all_three_different,6,1,44194,44185,44189,32.05.13.2001;32.05.13.2002;32.05.13.2003;32.05.13.2004;32.05.13.2005,KERSAMANAH;NANJUNGJAYA;SUKAMERANG;GIRIJAYA;SUKAMAJU
DIST-7B4B900256F8,32.06,KAB. TASIKMALAYA,32.06.37,KADIPATEN,all_three_different,6,1,46457,46156,46157,32.06.37.2001;32.06.37.2002;32.06.37.2003;32.06.37.2004;32.06.37.2005,KADIPATEN;DIRGAHAYU;CIBAHAYU;MEKARSARI;BUNIASIH
DIST-018E24FFEB33,32.13,KAB. SUBANG,32.13.23,SERANGPANJANG,all_three_different,6,1,41287,41282,41288,32.13.23.2001;32.13.23.2002;32.13.23.2003;32.13.23.2004;32.13.23.2005,CIJENGKOL;TALAGASARI;CINTAMEKAR;PONGGANG;CIKUJANG
DIST-1093100885AE,32.16,KAB. BEKASI,32.16.04,TAMBELANG,all_three_different,6,6,17622;17623;17624;17625;17626;17627,17620,17621,32.16.04.2001;32.16.04.2002;32.16.04.2003;32.16.04.2005;32.16.04.2006,SUKAWIJAYA;SUKAMAJU;SUKARAJA;SUKARAHAYU;SUKAMANTRI
DIST-A6D7BF7A8A97,32.78,KOTA TASIKMALAYA,32.78.10,PURBARATU,all_three_different,6,2,46118;46119,46196,46190,32.78.10.1001;32.78.10.1002;32.78.10.1003;32.78.10.1004;32.78.10.1005,SUKANAGARA;SUKAMENAK;PURBARATU;SUKAASIH;SUKAJAYA
DIST-AF0B0D362115,32.01,KAB. BOGOR,32.01.31,TAMANSARI,all_three_different,5,5,16262;16263;16264;16265;16268,16610,16611,32.01.31.2001;32.01.31.2005;32.01.31.2006;32.01.31.2007;32.01.31.2008,SUKAMANTRI;SUKALUYU;SUKARESMI;SUKAJAYA;SUKAJADI
DIST-37F60AD84551,32.02,KAB. SUKABUMI,32.02.01,PALABUHANRATU,all_three_different,5,5,43341;43347;43372,43311;43312;43314;43315;43316,43364,32.02.01.1001;32.02.01.2005;32.02.01.2007;32.02.01.2009;32.02.01.2010,PALABUHANRATU;CIBODAS;CIKADU;CIMANGGU;JAYANTI
DIST-30256EA4F45A,32.05,KAB. GARUT,32.05.32,MEKARMUKTI,all_three_different,5,2,40374;44199,44165,44155,32.05.32.2001;32.05.32.2002;32.05.32.2003;32.05.32.2004;32.05.32.2005,MEKARMUKTI;KARANGWANGI;JAYABAYA;CIJAYANA;MEKARSARI
DIST-21523806C538,32.16,KAB. BEKASI,32.16.20,CIKARANG PUSAT,all_three_different,5,5,17811;17812;17814;17815;17816,17530,17531,32.16.20.2001;32.16.20.2002;32.16.20.2004;32.16.20.2005;32.16.20.2006,CICAU;SUKAMAHI;HEGARMUKTI;JAYAMUKTI;PASIRTANJUNG
DIST-BA8BADDEE46B,32.15,KAB. KARAWANG,32.15.26,KARAWANG TIMUR,all_three_different,4,4,41323;41324;41325;41326,41327;41371,41313;41314,32.15.26.1004;32.15.26.2005;32.15.26.2006;32.15.26.2007,PLAWAD;MARGASARI;WARUNGBAMBU;KONDANGJAYA
DIST-B935FFBD562C,32.16,KAB. BEKASI,32.16.15,SUKATANI,all_three_different,4,4,17632;17633;17634;17637,17630,17631,32.16.15.2002;32.16.15.2003;32.16.15.2005;32.16.15.2007,SUKAMANAH;SUKAHURIP;SUKARUKUN;SUKADARMA
DIST-0EFA39C467C6,32.06,KAB. TASIKMALAYA,32.06.21,KARANG JAYA,diskominfo_missing_api_odj_different,3,1,,46499,46199,32.06.21.2002;32.06.21.2003;32.06.21.2004,KARANG JAYA;KARANGLAYUNG;CITALAHAB
DIST-E309C8A0434A,32.16,KAB. BEKASI,32.16.10,KARANG BAHAGIA,all_three_different,3,3,17533;17536;17538,17530,17535,32.16.10.2001;32.16.10.2004;32.16.10.2008,SUKARAYA;KARANGANYAR;KARANGMUKTI
DIST-0F1BA7A95801,32.02,KAB. SUKABUMI,32.02.37,PABUARAN,all_three_different,2,2,43345;43373,42163;43373,43173,32.02.37.2001;32.02.37.2007,PABUARAN;LEMBUR SAWAH
DIST-8D8E0B550D4D,32.09,KABUPATEN CIREBON,32.09.21,GUNUNG JATI,all_three_different,2,1,45659,45151,45150,32.09.21.2016;32.09.21.2017,SAMBENG;SIRNABAYA
DIST-1F3A4D5FFE15,32.01,KAB. BOGOR,32.01.07,CILEUNGSI,open_data_jabar_missing_api_diskominfo_different,1,1,16824,,16820,32.01.07.2009,SITUSARI
DIST-1B2F5A3783EE,32.01,KAB. BOGOR,32.01.10,PARUNG,all_three_different,1,1,16331,16339,16330,32.01.10.2006,PAMEGARSARI
DIST-49D5EC9C9B5A,32.01,KAB. BOGOR,32.01.19,JASINGA,all_three_different,1,1,16675,16674,16670,32.01.19.2013,JUGALA JAYA
DIST-A4A183225E11,32.01,KAB. BOGOR,32.01.21,NANGGUNG,all_three_different,1,1,16134,16657,16650,32.01.21.2011,BATU TULIS
DIST-9C6055F53DED,32.01,KAB. BOGOR,32.01.24,CIAWI,all_three_different,1,1,16721,46156,16720,32.01.24.2012,CIAWI
DIST-086DE8A0591D,32.01,KAB. BOGOR,32.01.25,CISARUA,all_three_different,1,1,16759,45355,16750,32.01.25.1010,CISARUA
DIST-031F8BB73019,32.01,KAB. BOGOR,32.01.27,CARINGIN,all_three_different,1,1,16732,44166,16730,32.01.27.2004,CARINGIN
DIST-2987E524303E,32.01,KAB. BOGOR,32.01.32,KLAPANUNGGAL,all_three_different,1,1,16877,16878,16710,32.01.32.2002,BOJONG
DIST-2D22A8E76FAF,32.02,KAB. SUKABUMI,32.02.17,CIDAHU,all_three_different,1,1,43372,45595,43358,32.02.17.2004,CIDAHU
DIST-3625E773620A,32.02,KAB. SUKABUMI,32.02.20,WALURAN,all_three_different,1,1,43363,43375,43175,32.02.20.2005,MANGUNJAYA
DIST-1ED8DAABC796,32.02,KAB. SUKABUMI,32.02.22,CIEMAS,all_three_different,1,1,43347,43377,43177,32.02.22.2008,SIDAMULYA
DIST-A57BED56330B,32.02,KAB. SUKABUMI,32.02.23,KALIBUNDER,all_three_different,1,1,43261,43385,43185,32.02.23.2007,MEKARWANGI
DIST-2409AFAFA960,32.02,KAB. SUKABUMI,32.02.31,CARINGIN,all_three_different,1,1,43397,43344,43154,32.02.31.2009,PASIR DATAR INDAH
DIST-29E0DAFFC9B2,32.02,KAB. SUKABUMI,32.02.33,SUKARAJA,all_three_different,1,1,43392,38877,43192,32.02.33.2004,SUKARAJA
DIST-31AAEE977072,32.02,KAB. SUKABUMI,32.02.42,CURUGKEMBAR,open_data_jabar_missing_api_diskominfo_different,1,1,43382,,43182,32.02.42.2006,NAGRAKJAYA
DIST-457BA367A1F3,32.02,KAB. SUKABUMI,32.02.43,CIDOLOG,all_three_different,1,1,43384,46352,43184,32.02.43.2001,CIDOLOG
DIST-BD5DC73D23BE,32.02,KAB. SUKABUMI,32.02.46,CIMANGGU,all_three_different,1,1,43347,42284,43178,32.02.46.2001,CIMANGGU
DIST-EF9F4D184FC1,32.02,KAB. SUKABUMI,32.02.47,CIAMBAR,all_three_different,1,1,43391,43352,43356,32.02.47.2003,WANGUNJAYA
DIST-592242AA3C66,32.03,KAB. CIANJUR,32.03.25,CAMPAKAMULYA,all_three_different,1,1,43278,43277,43269,32.03.25.2003,SUKASIRNA
DIST-F2254CC30AB5,32.03,KAB. CIANJUR,32.03.28,CIPANAS,all_three_different,1,1,43255,42372,43253,32.03.28.2001,CIPANAS
DIST-2905CE6E72AA,32.03,KAB. CIANJUR,32.03.31,HAURWANGI,open_data_jabar_missing_api_diskominfo_different,1,1,43286,,43280,32.03.31.2004,MEKARWANGI/SUKATANI
DIST-059DE04F4CDC,32.04,KAB. BANDUNG,32.04.13,BANJARAN,all_three_different,1,1,21156,45468,40377,32.04.13.2003,BANJARAN KULON
DIST-7916A8F1F75C,32.06,KAB. TASIKMALAYA,32.06.21,KARANG JAYA,all_three_different,1,1,46483,46499,46199,32.06.21.2001,SIRNAJAYA
DIST-AE51F1E71F87,32.06,KAB. TASIKMALAYA,32.06.23,GUNUNG TANJUNG,all_three_different,1,1,46496,46492,46418,32.06.23.2005,TANJUNGSARI
DIST-1E75E40AA7AB,32.08,KAB. KUNINGAN,32.08.09,KUNINGAN,open_data_jabar_missing_api_diskominfo_different,1,1,45521,,45553,32.08.09.2015,KASTURI
DIST-FD8A702CF9FF,32.14,KAB. PURWAKARTA,32.14.02,CAMPAKA,all_three_different,1,1,41181,43263,41180,32.14.02.2001,CAMPAKA
DIST-2CC3C23D9294,32.14,KAB. PURWAKARTA,32.14.13,BUNGURSARI,all_three_different,1,1,41182,46151,41181,32.14.13.2003,BUNGURSARI
DIST-514208849DC5,32.14,KAB. PURWAKARTA,32.14.15,SUKASARI,all_three_different,1,1,41167,45366,41116,32.14.15.2004,SUKASARI
DIST-986FF375E59B,32.16,KAB. BEKASI,32.16.09,CIKARANG UTARA,open_data_jabar_missing_api_diskominfo_different,1,1,17835,,17534,32.16.09.2009,HAJARMEKAR
DIST-AE22F13E615F,32.16,KAB. BEKASI,32.16.14,SUKAKARYA,all_three_different,1,1,17641,17646,17630,32.16.14.2006,SUKAKARSA
DIST-279A24D6F9FB,32.17,KAB. BANDUNG BARAT,32.17.05,CIPEUNDEUY,all_three_different,1,1,40758,41272,40558,32.17.05.2001,CIPEUNDEUY
DIST-6F6056B44F7B,32.17,KAB. BANDUNG BARAT,32.17.16,SAGULING,all_three_different,1,1,40764,40561,40560,32.17.16.2005,CIPANGERAN
DIST-4CA5D097D607,32.72,KOTA SUKABUMI,32.72.05,BAROS,all_three_different,1,1,43167,42173,43161,32.72.05.1001,BAROS
DIST-9F812F5030E3,32.72,KOTA SUKABUMI,32.72.05,BAROS,open_data_jabar_missing_api_diskominfo_different,1,1,43167,,43161,32.72.05.1004,SUDAJAYA HILIR
DIST-F3C58EA188CD,32.73,KOTA BANDUNG,32.73.23,RANCASARI,open_data_jabar_missing_api_diskominfo_different,1,1,40298,,40292,32.73.23.1004,MEKARMULYA
DIST-5187632352E0,32.73,KOTA BANDUNG,32.73.24,ARCAMANIK,open_data_jabar_missing_api_diskominfo_different,1,1,40399,,40293,32.73.24.1004,SINDANGLAYA/CISANTRE N ENDAH
DIST-8B5BA158EFF1,32.73,KOTA BANDUNG,32.73.27,GEDEBAGE,open_data_jabar_missing_api_diskominfo_different,1,1,40295,,40294,32.73.27.1001,CIMENERANG
DIST-13D6F48E46F9,32.76,KOTA DEPOK,32.76.07,CIPAYUNG,all_three_different,1,1,16442,13840,16437,32.76.07.1001,CIPAYUNG
DIST-7C49E1DCC1B7,32.76,KOTA DEPOK,32.76.11,BOJONGSARI,all_three_different,1,1,40354,53362,16516,32.76.11.1001,BOJONGSARI
DIST-AAA5B36940DC,32.79,KOTA BANJAR,32.79.01,BANJAR,all_three_different,1,1,46314,42252,46313,32.79.01.2004,CIBEUREUM
