JALAN:0-1;KECAMATAN:2-4;KOTA_KABUPATEN:5-7
JALAN:0-2;KELURAHAN:2-4;KECAMATAN:4-6;KOTA_KABUPATEN:7-8;KECAMATAN:9-11;KOTA_KABUPATEN:12-14
JALAN:0-2;NOMOR:2-3;KECAMATAN:5-7;KOTA_KABUPATEN:8-10
JALAN:0-2;KECAMATAN:3-5;KOTA_KABUPATEN:6-8
JALAN:0-2;KECAMATAN:3-5;KOTA_KABUPATEN:6-8
JALAN:0-2;RT:2-4;RW:4-6;KELURAHAN:6-8;KECAMATAN:8-10;KOTA_KABUPATEN:10-12;KECAMATAN:13-15;KOTA_KABUPATEN:16-18
JALAN:0-1;KECAMATAN:2-3;KOTA_KABUPATEN:4-5
JALAN:0-8;KOTA_KABUPATEN:8-9;KECAMATAN:10-12;KOTA_KABUPATEN:13-15
JALAN:0-1;RW:2-3;KECAMATAN:4-5;KOTA_KABUPATEN:6-7
JALAN:0-3;NOMOR:3-4;KECAMATAN:4-7;KOTA_KABUPATEN:7-9;KECAMATAN:10-13;KOTA_KABUPATEN:14-16
JALAN:0-3;NOMOR:3-4;KECAMATAN:5-7;KOTA_KABUPATEN:8-10
JALAN:0-1;KECAMATAN:2-3;KOTA_KABUPATEN:4-5
JALAN:0-3;NOMOR:3-4;RT:4-6;RW:6-8;KECAMATAN:9-12;KOTA_KABUPATEN:13-15
JALAN:0-5;RT:5-7;RW:7-10;KELURAHAN:10-12;KECAMATAN:13-15;KOTA_KABUPATEN:16-18
JALAN:0-2;KECAMATAN:3-5;KOTA_KABUPATEN:6-8
JALAN:0-3;NOMOR:3-4;KECAMATAN:5-7;KOTA_KABUPATEN:8-10
JALAN:0-2;KECAMATAN:3-5;KOTA_KABUPATEN:6-8
JALAN:0-1;NOMOR:1-3;KECAMATAN:4-6;KOTA_KABUPATEN:7-9
JALAN:0-3;KECAMATAN:4-6;KOTA_KABUPATEN:7-9
JALAN:0-7;RT:7-9;RW:9-11;KECAMATAN:12-14;KOTA_KABUPATEN:15-17
JALAN:0-4;RT:4-5;RW:5-7;KECAMATAN:8-10;KOTA_KABUPATEN:11-13
JALAN:0-4;KELURAHAN:4-6;RT:6-8;RW:9-10;KECAMATAN:11-13;KOTA_KABUPATEN:14-16
JALAN:0-1;KECAMATAN:2-3;KOTA_KABUPATEN:4-5
JALAN:0-3;KELURAHAN:3-5;RT:5-7;RW:7-9;KECAMATAN:10-12;KOTA_KABUPATEN:13-15
JALAN:0-2;NOMOR:2-4;KECAMATAN:7-9;KOTA_KABUPATEN:10-12
JALAN:0-1;KECAMATAN:2-3;KOTA_KABUPATEN:4-5
JALAN:0-2;NOMOR:2-4;RT:4-6;RW:7-9;KECAMATAN:10-12;KOTA_KABUPATEN:13-15
JALAN:0-2;NOMOR:2-4;KECAMATAN:5-8;KOTA_KABUPATEN:9-11
JALAN:0-4;NOMOR:4-5;KECAMATAN:7-9;KOTA_KABUPATEN:10-12
JALAN:0-3;NOMOR:3-5;KECAMATAN:6-8;KOTA_KABUPATEN:9-11
JALAN:0-3;NOMOR:3-4;KECAMATAN:5-7;KOTA_KABUPATEN:8-10
JALAN:0-5;KECAMATAN:6-8;KOTA_KABUPATEN:9-11
JALAN:0-4;NOMOR:4-6;KECAMATAN:9-12;KOTA_KABUPATEN:13-15
JALAN:0-3;RT:3-5;RW:6-7;KECAMATAN:10-12;KOTA_KABUPATEN:13-15
JALAN:0-2;KELURAHAN:2-4;KECAMATAN:5-7;KOTA_KABUPATEN:8-10
JALAN:0-3;KECAMATAN:5-8;KOTA_KABUPATEN:9-11
JALAN:0-5;KECAMATAN:6-8;KOTA_KABUPATEN:9-11
JALAN:0-6;KECAMATAN:8-11;KOTA_KABUPATEN:12-14
JALAN:0-1;KECAMATAN:2-3;KOTA_KABUPATEN:4-5
JALAN:0-1;KECAMATAN:2-3;KOTA_KABUPATEN:4-5
JALAN:0-1;KELURAHAN:1-3;KECAMATAN:6-8;KOTA_KABUPATEN:9-11
JALAN:0-2;KELURAHAN:2-4;KECAMATAN:4-6;KOTA_KABUPATEN:6-8;KODE_POS:8-9;KECAMATAN:10-12;KOTA_KABUPATEN:13-15
JALAN:0-2;RT:2-3;RW:4-5;KECAMATAN:7-9;KOTA_KABUPATEN:10-12
JALAN:0-3;NOMOR:3-5;KECAMATAN:8-10;KOTA_KABUPATEN:11-13
JALAN:0-2;NOMOR:2-3;KECAMATAN:7-9;KOTA_KABUPATEN:10-12
JALAN:0-5;RT:5-6;RW:7-8;KECAMATAN:9-11;KOTA_KABUPATEN:12-14
JALAN:0-2;NOMOR:2-4;RT:5-6;RW:6-7;KECAMATAN:8-10;KOTA_KABUPATEN:11-14
JALAN:0-5;RT:5-7;RW:7-8;KECAMATAN:9-11;KOTA_KABUPATEN:12-14
JALAN:0-4;RT:4-5;RW:5-6;KECAMATAN:7-10;KOTA_KABUPATEN:11-13
JALAN:0-5;KELURAHAN:5-7;RT:7-10;RW:10-12;KECAMATAN:13-15;KOTA_KABUPATEN:16-18
